{
  "best_global_step": null,
  "best_metric": null,
  "best_model_checkpoint": null,
  "epoch": 3.0,
  "eval_steps": 500,
  "global_step": 1098,
  "is_hyper_param_search": false,
  "is_local_process_zero": true,
  "is_world_process_zero": true,
  "log_history": [
    {
      "epoch": 0.0273224043715847,
      "grad_norm": 0.759129524230957,
      "learning_rate": 9.918032786885246e-06,
      "loss": 3.5236,
      "step": 10
    },
    {
      "epoch": 0.0546448087431694,
      "grad_norm": 0.7993757128715515,
      "learning_rate": 9.826958105646631e-06,
      "loss": 3.703,
      "step": 20
    },
    {
      "epoch": 0.08196721311475409,
      "grad_norm": 0.7572608590126038,
      "learning_rate": 9.735883424408016e-06,
      "loss": 3.2057,
      "step": 30
    },
    {
      "epoch": 0.1092896174863388,
      "grad_norm": 0.7872832417488098,
      "learning_rate": 9.6448087431694e-06,
      "loss": 3.4764,
      "step": 40
    },
    {
      "epoch": 0.1366120218579235,
      "grad_norm": 0.8946565389633179,
      "learning_rate": 9.553734061930784e-06,
      "loss": 3.59,
      "step": 50
    },
    {
      "epoch": 0.16393442622950818,
      "grad_norm": 0.683831512928009,
      "learning_rate": 9.462659380692168e-06,
      "loss": 3.4289,
      "step": 60
    },
    {
      "epoch": 0.1912568306010929,
      "grad_norm": 0.6570488810539246,
      "learning_rate": 9.371584699453553e-06,
      "loss": 3.4739,
      "step": 70
    },
    {
      "epoch": 0.2185792349726776,
      "grad_norm": 0.6875150799751282,
      "learning_rate": 9.280510018214936e-06,
      "loss": 3.3766,
      "step": 80
    },
    {
      "epoch": 0.2459016393442623,
      "grad_norm": 0.7085086107254028,
      "learning_rate": 9.189435336976321e-06,
      "loss": 3.609,
      "step": 90
    },
    {
      "epoch": 0.273224043715847,
      "grad_norm": 0.8902992606163025,
      "learning_rate": 9.098360655737707e-06,
      "loss": 3.2014,
      "step": 100
    },
    {
      "epoch": 0.3005464480874317,
      "grad_norm": 0.8588880896568298,
      "learning_rate": 9.00728597449909e-06,
      "loss": 3.3192,
      "step": 110
    },
    {
      "epoch": 0.32786885245901637,
      "grad_norm": 0.7767935991287231,
      "learning_rate": 8.916211293260473e-06,
      "loss": 3.4627,
      "step": 120
    },
    {
      "epoch": 0.3551912568306011,
      "grad_norm": 0.7973273396492004,
      "learning_rate": 8.825136612021858e-06,
      "loss": 3.5003,
      "step": 130
    },
    {
      "epoch": 0.3825136612021858,
      "grad_norm": 0.8808294534683228,
      "learning_rate": 8.734061930783243e-06,
      "loss": 3.4708,
      "step": 140
    },
    {
      "epoch": 0.4098360655737705,
      "grad_norm": 0.7928775548934937,
      "learning_rate": 8.642987249544627e-06,
      "loss": 3.3177,
      "step": 150
    },
    {
      "epoch": 0.4371584699453552,
      "grad_norm": 0.8151669502258301,
      "learning_rate": 8.551912568306012e-06,
      "loss": 3.4245,
      "step": 160
    },
    {
      "epoch": 0.4644808743169399,
      "grad_norm": 0.7210471630096436,
      "learning_rate": 8.460837887067395e-06,
      "loss": 3.2302,
      "step": 170
    },
    {
      "epoch": 0.4918032786885246,
      "grad_norm": 0.7182372212409973,
      "learning_rate": 8.36976320582878e-06,
      "loss": 3.4061,
      "step": 180
    },
    {
      "epoch": 0.5191256830601093,
      "grad_norm": 0.9223445057868958,
      "learning_rate": 8.278688524590165e-06,
      "loss": 3.5452,
      "step": 190
    },
    {
      "epoch": 0.546448087431694,
      "grad_norm": 0.9547722339630127,
      "learning_rate": 8.187613843351549e-06,
      "loss": 3.2797,
      "step": 200
    },
    {
      "epoch": 0.5737704918032787,
      "grad_norm": 0.6993453502655029,
      "learning_rate": 8.096539162112932e-06,
      "loss": 3.2451,
      "step": 210
    },
    {
      "epoch": 0.6010928961748634,
      "grad_norm": 0.7448365688323975,
      "learning_rate": 8.005464480874317e-06,
      "loss": 3.5184,
      "step": 220
    },
    {
      "epoch": 0.6284153005464481,
      "grad_norm": 0.9119933843612671,
      "learning_rate": 7.914389799635702e-06,
      "loss": 3.4018,
      "step": 230
    },
    {
      "epoch": 0.6557377049180327,
      "grad_norm": 0.7511559724807739,
      "learning_rate": 7.823315118397087e-06,
      "loss": 3.6255,
      "step": 240
    },
    {
      "epoch": 0.6830601092896175,
      "grad_norm": 0.8623325228691101,
      "learning_rate": 7.732240437158471e-06,
      "loss": 3.5404,
      "step": 250
    },
    {
      "epoch": 0.7103825136612022,
      "grad_norm": 0.7154641151428223,
      "learning_rate": 7.641165755919854e-06,
      "loss": 3.4962,
      "step": 260
    },
    {
      "epoch": 0.7377049180327869,
      "grad_norm": 0.8549743890762329,
      "learning_rate": 7.550091074681239e-06,
      "loss": 3.3898,
      "step": 270
    },
    {
      "epoch": 0.7650273224043715,
      "grad_norm": 0.7651219367980957,
      "learning_rate": 7.459016393442624e-06,
      "loss": 3.1735,
      "step": 280
    },
    {
      "epoch": 0.7923497267759563,
      "grad_norm": 0.8838487267494202,
      "learning_rate": 7.367941712204008e-06,
      "loss": 3.207,
      "step": 290
    },
    {
      "epoch": 0.819672131147541,
      "grad_norm": 0.8369144797325134,
      "learning_rate": 7.276867030965392e-06,
      "loss": 3.2449,
      "step": 300
    },
    {
      "epoch": 0.8469945355191257,
      "grad_norm": 0.8719481229782104,
      "learning_rate": 7.185792349726777e-06,
      "loss": 3.3076,
      "step": 310
    },
    {
      "epoch": 0.8743169398907104,
      "grad_norm": 0.7591664791107178,
      "learning_rate": 7.094717668488161e-06,
      "loss": 3.5041,
      "step": 320
    },
    {
      "epoch": 0.9016393442622951,
      "grad_norm": 0.9794632792472839,
      "learning_rate": 7.003642987249545e-06,
      "loss": 3.3293,
      "step": 330
    },
    {
      "epoch": 0.9289617486338798,
      "grad_norm": 0.824402391910553,
      "learning_rate": 6.91256830601093e-06,
      "loss": 3.1783,
      "step": 340
    },
    {
      "epoch": 0.9562841530054644,
      "grad_norm": 0.9036663174629211,
      "learning_rate": 6.821493624772314e-06,
      "loss": 3.388,
      "step": 350
    },
    {
      "epoch": 0.9836065573770492,
      "grad_norm": 0.8929211497306824,
      "learning_rate": 6.730418943533698e-06,
      "loss": 3.1421,
      "step": 360
    },
    {
      "epoch": 1.010928961748634,
      "grad_norm": 0.802885890007019,
      "learning_rate": 6.6393442622950825e-06,
      "loss": 3.1946,
      "step": 370
    },
    {
      "epoch": 1.0382513661202186,
      "grad_norm": 0.7407630681991577,
      "learning_rate": 6.548269581056467e-06,
      "loss": 3.3141,
      "step": 380
    },
    {
      "epoch": 1.0655737704918034,
      "grad_norm": 0.9631752967834473,
      "learning_rate": 6.457194899817851e-06,
      "loss": 3.5078,
      "step": 390
    },
    {
      "epoch": 1.092896174863388,
      "grad_norm": 0.7561902403831482,
      "learning_rate": 6.366120218579236e-06,
      "loss": 3.3151,
      "step": 400
    },
    {
      "epoch": 1.1202185792349726,
      "grad_norm": 0.8515308499336243,
      "learning_rate": 6.2750455373406194e-06,
      "loss": 3.2331,
      "step": 410
    },
    {
      "epoch": 1.1475409836065573,
      "grad_norm": 0.8148464560508728,
      "learning_rate": 6.183970856102004e-06,
      "loss": 3.1715,
      "step": 420
    },
    {
      "epoch": 1.174863387978142,
      "grad_norm": 0.7967810034751892,
      "learning_rate": 6.092896174863389e-06,
      "loss": 3.2489,
      "step": 430
    },
    {
      "epoch": 1.2021857923497268,
      "grad_norm": 0.8631861209869385,
      "learning_rate": 6.001821493624773e-06,
      "loss": 3.2114,
      "step": 440
    },
    {
      "epoch": 1.2295081967213115,
      "grad_norm": 0.7598098516464233,
      "learning_rate": 5.910746812386156e-06,
      "loss": 3.3683,
      "step": 450
    },
    {
      "epoch": 1.2568306010928962,
      "grad_norm": 0.7856798768043518,
      "learning_rate": 5.8196721311475415e-06,
      "loss": 3.4136,
      "step": 460
    },
    {
      "epoch": 1.2841530054644807,
      "grad_norm": 0.8986530900001526,
      "learning_rate": 5.728597449908926e-06,
      "loss": 3.4677,
      "step": 470
    },
    {
      "epoch": 1.3114754098360657,
      "grad_norm": 0.9914365410804749,
      "learning_rate": 5.637522768670311e-06,
      "loss": 3.0513,
      "step": 480
    },
    {
      "epoch": 1.3387978142076502,
      "grad_norm": 0.9635207056999207,
      "learning_rate": 5.546448087431694e-06,
      "loss": 3.218,
      "step": 490
    },
    {
      "epoch": 1.366120218579235,
      "grad_norm": 0.8630639910697937,
      "learning_rate": 5.455373406193078e-06,
      "loss": 3.031,
      "step": 500
    },
    {
      "epoch": 1.3934426229508197,
      "grad_norm": 0.9020795822143555,
      "learning_rate": 5.3642987249544635e-06,
      "loss": 3.3677,
      "step": 510
    },
    {
      "epoch": 1.4207650273224044,
      "grad_norm": 0.7438952326774597,
      "learning_rate": 5.273224043715848e-06,
      "loss": 3.3216,
      "step": 520
    },
    {
      "epoch": 1.4480874316939891,
      "grad_norm": 0.9547824263572693,
      "learning_rate": 5.182149362477231e-06,
      "loss": 3.2498,
      "step": 530
    },
    {
      "epoch": 1.4754098360655736,
      "grad_norm": 0.8783132433891296,
      "learning_rate": 5.091074681238616e-06,
      "loss": 3.1076,
      "step": 540
    },
    {
      "epoch": 1.5027322404371586,
      "grad_norm": 1.0383598804473877,
      "learning_rate": 5e-06,
      "loss": 3.5108,
      "step": 550
    },
    {
      "epoch": 1.530054644808743,
      "grad_norm": 0.9399983286857605,
      "learning_rate": 4.908925318761385e-06,
      "loss": 3.4253,
      "step": 560
    },
    {
      "epoch": 1.5573770491803278,
      "grad_norm": 0.8161999583244324,
      "learning_rate": 4.817850637522769e-06,
      "loss": 3.2987,
      "step": 570
    },
    {
      "epoch": 1.5846994535519126,
      "grad_norm": 0.9357727766036987,
      "learning_rate": 4.726775956284154e-06,
      "loss": 3.2842,
      "step": 580
    },
    {
      "epoch": 1.6120218579234973,
      "grad_norm": 0.9195452332496643,
      "learning_rate": 4.635701275045537e-06,
      "loss": 3.5184,
      "step": 590
    },
    {
      "epoch": 1.639344262295082,
      "grad_norm": 0.8458853363990784,
      "learning_rate": 4.5446265938069224e-06,
      "loss": 3.3653,
      "step": 600
    },
    {
      "epoch": 1.6666666666666665,
      "grad_norm": 0.877208948135376,
      "learning_rate": 4.453551912568307e-06,
      "loss": 3.3501,
      "step": 610
    },
    {
      "epoch": 1.6939890710382515,
      "grad_norm": 0.8336570262908936,
      "learning_rate": 4.362477231329691e-06,
      "loss": 3.0776,
      "step": 620
    },
    {
      "epoch": 1.721311475409836,
      "grad_norm": 0.9801242351531982,
      "learning_rate": 4.271402550091075e-06,
      "loss": 3.4595,
      "step": 630
    },
    {
      "epoch": 1.748633879781421,
      "grad_norm": 1.122550368309021,
      "learning_rate": 4.180327868852459e-06,
      "loss": 3.0863,
      "step": 640
    },
    {
      "epoch": 1.7759562841530054,
      "grad_norm": 0.8819966912269592,
      "learning_rate": 4.089253187613844e-06,
      "loss": 3.2688,
      "step": 650
    },
    {
      "epoch": 1.8032786885245902,
      "grad_norm": 0.8388661742210388,
      "learning_rate": 3.998178506375228e-06,
      "loss": 3.3406,
      "step": 660
    },
    {
      "epoch": 1.830601092896175,
      "grad_norm": 0.9907600283622742,
      "learning_rate": 3.907103825136612e-06,
      "loss": 3.2234,
      "step": 670
    },
    {
      "epoch": 1.8579234972677594,
      "grad_norm": 0.8045318126678467,
      "learning_rate": 3.816029143897997e-06,
      "loss": 3.158,
      "step": 680
    },
    {
      "epoch": 1.8852459016393444,
      "grad_norm": 0.7561274170875549,
      "learning_rate": 3.724954462659381e-06,
      "loss": 3.0801,
      "step": 690
    },
    {
      "epoch": 1.9125683060109289,
      "grad_norm": 0.9694679379463196,
      "learning_rate": 3.6338797814207656e-06,
      "loss": 3.1686,
      "step": 700
    },
    {
      "epoch": 1.9398907103825138,
      "grad_norm": 0.9664451479911804,
      "learning_rate": 3.5428051001821494e-06,
      "loss": 3.5118,
      "step": 710
    },
    {
      "epoch": 1.9672131147540983,
      "grad_norm": 0.997818112373352,
      "learning_rate": 3.451730418943534e-06,
      "loss": 3.3132,
      "step": 720
    },
    {
      "epoch": 1.994535519125683,
      "grad_norm": 0.8308150768280029,
      "learning_rate": 3.3606557377049183e-06,
      "loss": 3.2522,
      "step": 730
    },
    {
      "epoch": 2.021857923497268,
      "grad_norm": 0.9139372706413269,
      "learning_rate": 3.2695810564663025e-06,
      "loss": 3.2406,
      "step": 740
    },
    {
      "epoch": 2.0491803278688523,
      "grad_norm": 0.8328334093093872,
      "learning_rate": 3.1785063752276868e-06,
      "loss": 3.1901,
      "step": 750
    },
    {
      "epoch": 2.0765027322404372,
      "grad_norm": 0.8251042366027832,
      "learning_rate": 3.0874316939890714e-06,
      "loss": 3.2536,
      "step": 760
    },
    {
      "epoch": 2.1038251366120218,
      "grad_norm": 0.9021843075752258,
      "learning_rate": 2.9963570127504552e-06,
      "loss": 3.5252,
      "step": 770
    },
    {
      "epoch": 2.1311475409836067,
      "grad_norm": 0.7963651418685913,
      "learning_rate": 2.90528233151184e-06,
      "loss": 3.394,
      "step": 780
    },
    {
      "epoch": 2.158469945355191,
      "grad_norm": 0.8632563948631287,
      "learning_rate": 2.814207650273224e-06,
      "loss": 2.8557,
      "step": 790
    },
    {
      "epoch": 2.185792349726776,
      "grad_norm": 0.9397921562194824,
      "learning_rate": 2.723132969034609e-06,
      "loss": 3.1914,
      "step": 800
    },
    {
      "epoch": 2.2131147540983607,
      "grad_norm": 1.008800983428955,
      "learning_rate": 2.6320582877959926e-06,
      "loss": 3.5255,
      "step": 810
    },
    {
      "epoch": 2.240437158469945,
      "grad_norm": 0.8922147154808044,
      "learning_rate": 2.5409836065573773e-06,
      "loss": 3.292,
      "step": 820
    },
    {
      "epoch": 2.26775956284153,
      "grad_norm": 0.913135290145874,
      "learning_rate": 2.4499089253187615e-06,
      "loss": 3.3531,
      "step": 830
    },
    {
      "epoch": 2.2950819672131146,
      "grad_norm": 0.9123752117156982,
      "learning_rate": 2.358834244080146e-06,
      "loss": 3.3196,
      "step": 840
    },
    {
      "epoch": 2.3224043715846996,
      "grad_norm": 0.9406737685203552,
      "learning_rate": 2.2677595628415304e-06,
      "loss": 3.1534,
      "step": 850
    },
    {
      "epoch": 2.349726775956284,
      "grad_norm": 0.7782865762710571,
      "learning_rate": 2.1766848816029146e-06,
      "loss": 3.3756,
      "step": 860
    },
    {
      "epoch": 2.3770491803278686,
      "grad_norm": 0.8275190591812134,
      "learning_rate": 2.085610200364299e-06,
      "loss": 3.06,
      "step": 870
    },
    {
      "epoch": 2.4043715846994536,
      "grad_norm": 0.8168123960494995,
      "learning_rate": 1.994535519125683e-06,
      "loss": 3.1166,
      "step": 880
    },
    {
      "epoch": 2.431693989071038,
      "grad_norm": 1.0318517684936523,
      "learning_rate": 1.9034608378870675e-06,
      "loss": 3.2793,
      "step": 890
    },
    {
      "epoch": 2.459016393442623,
      "grad_norm": 0.9995793104171753,
      "learning_rate": 1.8123861566484518e-06,
      "loss": 3.1555,
      "step": 900
    },
    {
      "epoch": 2.4863387978142075,
      "grad_norm": 0.9433597326278687,
      "learning_rate": 1.7213114754098362e-06,
      "loss": 3.3228,
      "step": 910
    },
    {
      "epoch": 2.5136612021857925,
      "grad_norm": 0.952372670173645,
      "learning_rate": 1.6302367941712204e-06,
      "loss": 3.2873,
      "step": 920
    },
    {
      "epoch": 2.540983606557377,
      "grad_norm": 0.8119275569915771,
      "learning_rate": 1.5391621129326049e-06,
      "loss": 3.0416,
      "step": 930
    },
    {
      "epoch": 2.5683060109289615,
      "grad_norm": 0.7989860773086548,
      "learning_rate": 1.4480874316939891e-06,
      "loss": 3.526,
      "step": 940
    },
    {
      "epoch": 2.5956284153005464,
      "grad_norm": 0.8942136764526367,
      "learning_rate": 1.3570127504553734e-06,
      "loss": 3.1729,
      "step": 950
    },
    {
      "epoch": 2.6229508196721314,
      "grad_norm": 0.8368510603904724,
      "learning_rate": 1.2659380692167578e-06,
      "loss": 3.1335,
      "step": 960
    },
    {
      "epoch": 2.650273224043716,
      "grad_norm": 0.8697328567504883,
      "learning_rate": 1.1748633879781422e-06,
      "loss": 3.3165,
      "step": 970
    },
    {
      "epoch": 2.6775956284153004,
      "grad_norm": 0.9454293251037598,
      "learning_rate": 1.0837887067395265e-06,
      "loss": 3.2468,
      "step": 980
    },
    {
      "epoch": 2.7049180327868854,
      "grad_norm": 0.9406743049621582,
      "learning_rate": 9.92714025500911e-07,
      "loss": 3.1896,
      "step": 990
    },
    {
      "epoch": 2.73224043715847,
      "grad_norm": 0.8148829936981201,
      "learning_rate": 9.016393442622952e-07,
      "loss": 3.1895,
      "step": 1000
    },
    {
      "epoch": 2.7595628415300544,
      "grad_norm": 0.9601941704750061,
      "learning_rate": 8.105646630236795e-07,
      "loss": 3.4523,
      "step": 1010
    },
    {
      "epoch": 2.7868852459016393,
      "grad_norm": 0.9195334315299988,
      "learning_rate": 7.194899817850638e-07,
      "loss": 3.58,
      "step": 1020
    },
    {
      "epoch": 2.8142076502732243,
      "grad_norm": 0.7943770289421082,
      "learning_rate": 6.284153005464482e-07,
      "loss": 3.0164,
      "step": 1030
    },
    {
      "epoch": 2.841530054644809,
      "grad_norm": 0.9044053554534912,
      "learning_rate": 5.373406193078325e-07,
      "loss": 3.0691,
      "step": 1040
    },
    {
      "epoch": 2.8688524590163933,
      "grad_norm": 1.0811903476715088,
      "learning_rate": 4.462659380692168e-07,
      "loss": 3.2789,
      "step": 1050
    },
    {
      "epoch": 2.8961748633879782,
      "grad_norm": 0.9343782663345337,
      "learning_rate": 3.551912568306011e-07,
      "loss": 3.1857,
      "step": 1060
    },
    {
      "epoch": 2.9234972677595628,
      "grad_norm": 0.9466671943664551,
      "learning_rate": 2.641165755919855e-07,
      "loss": 3.3246,
      "step": 1070
    },
    {
      "epoch": 2.9508196721311473,
      "grad_norm": 1.1665843725204468,
      "learning_rate": 1.7304189435336977e-07,
      "loss": 3.0547,
      "step": 1080
    },
    {
      "epoch": 2.978142076502732,
      "grad_norm": 0.8363304138183594,
      "learning_rate": 8.19672131147541e-08,
      "loss": 3.3407,
      "step": 1090
    }
  ],
  "logging_steps": 10,
  "max_steps": 1098,
  "num_input_tokens_seen": 0,
  "num_train_epochs": 3,
  "save_steps": 100,
  "stateful_callbacks": {
    "TrainerControl": {
      "args": {
        "should_epoch_stop": false,
        "should_evaluate": false,
        "should_log": false,
        "should_save": true,
        "should_training_stop": true
      },
      "attributes": {}
    }
  },
  "total_flos": 7258183564787712.0,
  "train_batch_size": 1,
  "trial_name": null,
  "trial_params": null
}
