{
  "best_global_step": null,
  "best_metric": null,
  "best_model_checkpoint": null,
  "epoch": 1.0,
  "eval_steps": 500,
  "global_step": 150,
  "is_hyper_param_search": false,
  "is_local_process_zero": true,
  "is_world_process_zero": true,
  "log_history": [
    {
      "epoch": 0.3333333333333333,
      "grad_norm": 1.0285693407058716,
      "learning_rate": 3.366666666666667e-05,
      "loss": 4.9152,
      "step": 50
    },
    {
      "epoch": 0.6666666666666666,
      "grad_norm": 1.1795802116394043,
      "learning_rate": 1.7000000000000003e-05,
      "loss": 4.6681,
      "step": 100
    },
    {
      "epoch": 1.0,
      "grad_norm": 1.211190938949585,
      "learning_rate": 3.3333333333333335e-07,
      "loss": 4.699,
      "step": 150
    }
  ],
  "logging_steps": 50,
  "max_steps": 150,
  "num_input_tokens_seen": 0,
  "num_train_epochs": 1,
  "save_steps": 200,
  "stateful_callbacks": {
    "TrainerControl": {
      "args": {
        "should_epoch_stop": false,
        "should_evaluate": false,
        "should_log": false,
        "should_save": true,
        "should_training_stop": true
      },
      "attributes": {}
    }
  },
  "total_flos": 79474773196800.0,
  "train_batch_size": 2,
  "trial_name": null,
  "trial_params": null
}
