{
  "best_global_step": null,
  "best_metric": null,
  "best_model_checkpoint": null,
  "epoch": 1.0,
  "eval_steps": 500,
  "global_step": 50,
  "is_hyper_param_search": false,
  "is_local_process_zero": true,
  "is_world_process_zero": true,
  "log_history": [
    {
      "epoch": 0.2,
      "grad_norm": 0.8482933640480042,
      "learning_rate": 1.64e-05,
      "loss": 3.2649,
      "step": 10
    },
    {
      "epoch": 0.4,
      "grad_norm": 1.0470786094665527,
      "learning_rate": 1.2400000000000002e-05,
      "loss": 3.2689,
      "step": 20
    },
    {
      "epoch": 0.6,
      "grad_norm": 0.8648317456245422,
      "learning_rate": 8.400000000000001e-06,
      "loss": 3.1615,
      "step": 30
    },
    {
      "epoch": 0.8,
      "grad_norm": 1.0417933464050293,
      "learning_rate": 4.4e-06,
      "loss": 3.2182,
      "step": 40
    },
    {
      "epoch": 1.0,
      "grad_norm": 0.95250403881073,
      "learning_rate": 4.0000000000000003e-07,
      "loss": 3.1639,
      "step": 50
    }
  ],
  "logging_steps": 10,
  "max_steps": 50,
  "num_input_tokens_seen": 0,
  "num_train_epochs": 1,
  "save_steps": 100,
  "stateful_callbacks": {
    "TrainerControl": {
      "args": {
        "should_epoch_stop": false,
        "should_evaluate": false,
        "should_log": false,
        "should_save": true,
        "should_training_stop": true
      },
      "attributes": {}
    }
  },
  "total_flos": 220345584844800.0,
  "train_batch_size": 1,
  "trial_name": null,
  "trial_params": null
}
